{
  "hash": "04716aa1",
  "configHash": "aff51ed9",
  "lockfileHash": "1c1a6d02",
  "browserHash": "6b3b11d5",
  "optimized": {
    "@angular/common/http": {
      "src": "../../../../../../node_modules/@angular/common/fesm2022/http.mjs",
      "file": "@angular_common_http.js",
      "fileHash": "b16a84c5",
      "needsInterop": false
    },
    "@angular/core": {
      "src": "../../../../../../node_modules/@angular/core/fesm2022/core.mjs",
      "file": "@angular_core.js",
      "fileHash": "99f3da46",
      "needsInterop": false
    },
    "@angular/platform-browser": {
      "src": "../../../../../../node_modules/@angular/platform-browser/fesm2022/platform-browser.mjs",
      "file": "@angular_platform-browser.js",
      "fileHash": "5329ead4",
      "needsInterop": false
    },
    "@angular/platform-server/init": {
      "src": "../../../../../../node_modules/@angular/platform-server/fesm2022/init.mjs",
      "file": "@angular_platform-server_init.js",
      "fileHash": "1e89b947",
      "needsInterop": false
    },
    "@angular/router": {
      "src": "../../../../../../node_modules/@angular/router/fesm2022/router.mjs",
      "file": "@angular_router.js",
      "fileHash": "92bcede0",
      "needsInterop": false
    },
    "@angular/ssr": {
      "src": "../../../../../../node_modules/@angular/ssr/fesm2022/ssr.mjs",
      "file": "@angular_ssr.js",
      "fileHash": "23c9b14f",
      "needsInterop": false
    },
    "@angular/ssr/node": {
      "src": "../../../../../../node_modules/@angular/ssr/fesm2022/node.mjs",
      "file": "@angular_ssr_node.js",
      "fileHash": "0d7d69ee",
      "needsInterop": false
    },
    "express": {
      "src": "../../../../../../node_modules/express/index.js",
      "file": "express.js",
      "fileHash": "45cb9410",
      "needsInterop": true
    },
    "@angular/forms": {
      "src": "../../../../../../node_modules/@angular/forms/fesm2022/forms.mjs",
      "file": "@angular_forms.js",
      "fileHash": "19e97d57",
      "needsInterop": false
    }
  },
  "chunks": {
    "xhr2-E5RTESSH": {
      "file": "xhr2-E5RTESSH.js"
    },
    "chunk-GNW2QKZ4": {
      "file": "chunk-GNW2QKZ4.js"
    },
    "chunk-INOPTNXZ": {
      "file": "chunk-INOPTNXZ.js"
    },
    "chunk-PB4MZIHN": {
      "file": "chunk-PB4MZIHN.js"
    },
    "chunk-FQTI7TIA": {
      "file": "chunk-FQTI7TIA.js"
    },
    "chunk-FHTZLLAZ": {
      "file": "chunk-FHTZLLAZ.js"
    },
    "chunk-Z3KXI5LO": {
      "file": "chunk-Z3KXI5LO.js"
    },
    "chunk-4C2EHWEE": {
      "file": "chunk-4C2EHWEE.js"
    },
    "chunk-6DU2HRTW": {
      "file": "chunk-6DU2HRTW.js"
    }
  }
}