{
  "hash": "cd6f1ee0",
  "configHash": "de4a3df4",
  "lockfileHash": "1c1a6d02",
  "browserHash": "a809a7e3",
  "optimized": {
    "@angular/common/http": {
      "src": "../../../../../../node_modules/@angular/common/fesm2022/http.mjs",
      "file": "@angular_common_http.js",
      "fileHash": "64473da2",
      "needsInterop": false
    },
    "@angular/core": {
      "src": "../../../../../../node_modules/@angular/core/fesm2022/core.mjs",
      "file": "@angular_core.js",
      "fileHash": "9467c8af",
      "needsInterop": false
    },
    "@angular/platform-browser": {
      "src": "../../../../../../node_modules/@angular/platform-browser/fesm2022/platform-browser.mjs",
      "file": "@angular_platform-browser.js",
      "fileHash": "585f181c",
      "needsInterop": false
    },
    "@angular/router": {
      "src": "../../../../../../node_modules/@angular/router/fesm2022/router.mjs",
      "file": "@angular_router.js",
      "fileHash": "453dabbd",
      "needsInterop": false
    },
    "@angular/forms": {
      "src": "../../../../../../node_modules/@angular/forms/fesm2022/forms.mjs",
      "file": "@angular_forms.js",
      "fileHash": "22d20663",
      "needsInterop": false
    }
  },
  "chunks": {
    "chunk-5IFXM66A": {
      "file": "chunk-5IFXM66A.js"
    },
    "chunk-KGQKSHIF": {
      "file": "chunk-KGQKSHIF.js"
    },
    "chunk-YSFIYITD": {
      "file": "chunk-YSFIYITD.js"
    },
    "chunk-YBFS4MXC": {
      "file": "chunk-YBFS4MXC.js"
    },
    "chunk-LEHRZ7IK": {
      "file": "chunk-LEHRZ7IK.js"
    }
  }
}