{
  "hash": "34e682e4",
  "configHash": "87170fd6",
  "lockfileHash": "1c1a6d02",
  "browserHash": "88cbaf7f",
  "optimized": {
    "@angular/common/http": {
      "src": "../../../../../../node_modules/@angular/common/fesm2022/http.mjs",
      "file": "@angular_common_http.js",
      "fileHash": "3e473fe4",
      "needsInterop": false
    },
    "@angular/core": {
      "src": "../../../../../../node_modules/@angular/core/fesm2022/core.mjs",
      "file": "@angular_core.js",
      "fileHash": "4afae936",
      "needsInterop": false
    },
    "@angular/forms": {
      "src": "../../../../../../node_modules/@angular/forms/fesm2022/forms.mjs",
      "file": "@angular_forms.js",
      "fileHash": "5c436f81",
      "needsInterop": false
    },
    "@angular/platform-browser": {
      "src": "../../../../../../node_modules/@angular/platform-browser/fesm2022/platform-browser.mjs",
      "file": "@angular_platform-browser.js",
      "fileHash": "d4bdb338",
      "needsInterop": false
    },
    "@angular/router": {
      "src": "../../../../../../node_modules/@angular/router/fesm2022/router.mjs",
      "file": "@angular_router.js",
      "fileHash": "cf5295a8",
      "needsInterop": false
    }
  },
  "chunks": {
    "chunk-IYBACJTM": {
      "file": "chunk-IYBACJTM.js"
    },
    "chunk-MEZOJUQN": {
      "file": "chunk-MEZOJUQN.js"
    },
    "chunk-HXUKLQSD": {
      "file": "chunk-HXUKLQSD.js"
    },
    "chunk-B44TM3XP": {
      "file": "chunk-B44TM3XP.js"
    },
    "chunk-LEHRZ7IK": {
      "file": "chunk-LEHRZ7IK.js"
    }
  }
}